{
    "zinq" : [
        {
            "name" : "classical_dynamics",
            "options" : {
                "initial_conditions" : {
                    "mass" : [1, 1, 1, 1, 1, 1, 1, 1],
                    "momentum_mean" : [0, 0, 0, 0, 0, 0, 0, 0],
                    "momentum_std" : [
                        0.08178456467493690,
                        0.08382054985056402,
                        0.10426619815969815,
                        0.11226242168862900,
                        0.11319206337422279,
                        0.12347279718335172,
                        0.12667852395456952,
                        0.12785995161286312
                    ],
                    "position_mean" : [0, 0, 0, 0, 0, 0, 0, 0],
                    "position_std" : [
                        12.227246106580460,
                        11.930248629754976,
                        9.5908359338887700,
                        8.9077002344880770,
                        8.8345416647624240,
                        8.0989499129516250,
                        7.8939978836399140,
                        7.8210572379052650
                    ],
                    "state" : 2
                },
                "log_intervals" : {
                    "iteration" : 50,
                    "trajectory" : 50
                },
                "potential" : {
                    "vibronic_coupling" : {
                        "energy": [9.42, 10.11, 10.48, 11.08], "omega" : [734, 771, 1193, 1383, 1406, 1673, 1761, 1794],
                        "morse_potential" : {
                            "d" : [
                                [0.00000, 0.00000, 0.00000, 0.00000, 0.00000, 41.89704,  4.80270, 22.92802],
                                [0.00000, 0.00000, 0.00000, 0.00000, 0.00000, 38.37122, 74.15995, 18.27440],
                                [0.00000, 0.00000, 0.00000, 0.00000, 0.00000, 39.25691, 90.76928,  9.46894],
                                [0.00000, 0.00000, 0.00000, 0.00000, 0.00000, 37.97847, 20.56079, 65.09678]
                            ],
                            "a" : [
                                [0.00000, 0.00000, 0.00000, 0.00000, 0.00000,  0.04719, -0.13675,  0.07438],
                                [0.00000, 0.00000, 0.00000, 0.00000, 0.00000,  0.05231, -0.03064,  0.07911],
                                [0.00000, 0.00000, 0.00000, 0.00000, 0.00000,  0.05286, -0.03374,  0.08653],
                                [0.00000, 0.00000, 0.00000, 0.00000, 0.00000,  0.05431, -0.08044,  0.03660]
                            ],
                            "q" : [
                                [0.00000, 0.00000, 0.00000, 0.00000, 0.00000,  0.81440,  0.02883, -0.32069],
                                [0.00000, 0.00000, 0.00000, 0.00000, 0.00000,  0.37488, -1.34468, -0.01711],
                                [0.00000, 0.00000, 0.00000, 0.00000, 0.00000,  0.14859, -0.29923,  0.37635],
                                [0.00000, 0.00000, 0.00000, 0.00000, 0.00000, -0.18152,  0.38841,  1.66312]
                            ],
                            "e" : [
                                [0.00000, 0.00000, 0.00000, 0.00000, 0.00000, -0.06431, -0.00007, -0.01274],
                                [0.00000, 0.00000, 0.00000, 0.00000, 0.00000, -0.01505, -0.12082, -0.00003],
                                [0.00000, 0.00000, 0.00000, 0.00000, 0.00000, -0.00244, -0.00916, -0.01037],
                                [0.00000, 0.00000, 0.00000, 0.00000, 0.00000, -0.00366, -0.02071, -0.25639]
                            ]
                        },
                        "diagonal_linear" : [
                            [0.00000, 0.00000, -0.02203, -0.12147, -0.09468, 0.00000, 0.00000, 0.00000],
                            [0.00000, 0.00000,  0.09074,  0.05316,  0.04454, 0.00000, 0.00000, 0.00000],
                            [0.00000, 0.00000,  0.02748,  0.11233,  0.14539, 0.00000, 0.00000, 0.00000],
                            [0.00000, 0.00000, -0.04054,  0.00747,  0.00050, 0.00000, 0.00000, 0.00000]
                        ],
                        "diagonal_quadratic" : [
                            [0.00000, 0.00000,  0.01938, 0.01489,  0.00970, 0.00000, 0.00000, 0.00000],
                            [0.00000, 0.00000,  0.00694, 0.00828,  0.00096, 0.00000, 0.00000, 0.00000],
                            [0.00000, 0.00000, -0.00294, 0.00183, -0.00114, 0.00000, 0.00000, 0.00000],
                            [0.00000, 0.00000,  0.00752, 0.00546,  0.01108, 0.00000, 0.00000, 0.00000 ]
                        ],                                                                            
                        "diagonal_quartic" : [                                                        
                            [0.03317, 0.02979, 0.00000, 0.00000, 0.00000, 0.00000, 0.00000, 0.00000],
                            [0.01157, 0.01488, 0.00000, 0.00000, 0.00000, 0.00000, 0.00000, 0.00000],
                            [0.01534, 0.01671, 0.00000, 0.00000, 0.00000, 0.00000, 0.00000, 0.00000],
                            [0.00000, 0.00000, 0.00000, 0.00000, 0.00000, 0.00000, 0.00000, 0.00000]
                        ],
                        "nondiagonal_linear" : [
                            [0.04633, 0.03540,  0.00000,  0.00000, 0.00000,  0.00000, 0.00000, 0.00000],
                            [0.00000, 0.00000, -0.03538, -0.02049, 0.00000,  0.00000, 0.00114, 0.13035],
                            [0.00000, 0.00000,  0.00000,  0.00000, 0.00000,  0.00000, 0.00000, 0.00000],
                            [0.03148, 0.03607,  0.00000,  0.00000, 0.00000,  0.00000, 0.00000, 0.00000],
                            [0.00000, 0.00000,  0.08077,  0.00000, 0.07284, -0.08132, 0.12606, 0.14272],
                            [0.00000, 0.00000,  0.00000,  0.00000, 0.00000,  0.00000, 0.00000, 0.00000]
                        ]
                    }
                },
                "surface_hopping" : {
                    "fewest_switches" : {
                        "substeps" : 100
                    }
                },
                "derivative_coupling" : {
                    "hst" : {}
                },
                "iterations" : 250,
                "time_step" : 10,
                "trajectories" : 1000
            }
        }
    ]
}
